client_id,name,address
CLT0001,Smith PLC,"5647 Ward Cliffs Suite 395, North Cindyville, CO 92200"
CLT0002,Hawkins-Smith,"9572 Shaw Way Suite 845, Michaelfurt, IL 47869"
CLT0003,"Taylor, Carrillo and Berry","196 Laura Lights, North Theresa, IN 07121"
CLT0004,"Hernandez, Bass and Brown","075 Robertson Isle, Martinborough, NH 37190"
CLT0005,Richards LLC,"1243 Robert Common, West Nicole, NH 57376"
CLT0006,Wells-Garrett,"5291 Fletcher Ports Apt. 183, Drakeberg, ID 52095"
CLT0007,"Hester, Woods and Cruz","20052 Hatfield Flats, West Debbieburgh, OR 68409"
CLT0008,Johnson Ltd,"9057 Hudson Court, East Christopher, ND 32426"
CLT0009,Berger-Williams,"04125 Ricky Forks, Lake Bridget, AZ 70029"
CLT0010,"Rodriguez, King and Kerr","Unit 0271 Box 5452, DPO AE 58640"
CLT0011,Lee Group,"976 Alejandro Mill Suite 191, Zimmermanland, FL 86588"
CLT0012,Lee-Tanner,"0826 Chaney Shoal Suite 661, Lunaville, WY 42484"
CLT0013,Adams and Sons,"0532 Lisa Fall Apt. 554, Yolandashire, KS 98785"
CLT0014,"Allen, Cook and Sims","68298 Shannon Walks Suite 998, Port Sarah, IA 47368"
CLT0015,Morales-Banks,"7764 Cain Glen Apt. 815, East Josephfort, VA 53290"
CLT0016,Johnson-Wilkinson,"3606 Kelly Village Apt. 839, Johnchester, NM 58430"
CLT0017,Miller and Sons,"87878 Derrick Flat, Hoborough, ME 04323"
CLT0018,Villegas Group,"704 Cook Park, New Laurenmouth, HI 14599"
CLT0019,Maxwell Inc,"771 William Mills Suite 835, Swansonfort, OK 83627"
CLT0020,Diaz and Sons,"685 Alexander Highway, Port Danielborough, MH 46562"
CLT0021,"Lane, Salazar and Barr","1511 Elaine Plaza Suite 910, Forbesport, CO 02656"
CLT0022,"Moore, Davidson and Zavala","4454 Brown Green Apt. 492, New Taraside, GU 99248"
CLT0023,Goodwin-Lewis,"98726 Trevino Court, Lake Chris, CA 51485"
CLT0024,Robbins-Parks,"163 Sandra Gardens Apt. 777, Walkerstad, ND 52280"
CLT0025,Hutchinson-Jordan,"3605 Steven Drive, Clarkton, NH 63845"
CLT0026,Estrada-Salinas,"283 Harris Turnpike, Lake Jared, MP 19373"
CLT0027,"Jones, Harris and Cook","8958 Johnson Haven Apt. 001, Tylerhaven, NM 63372"
CLT0028,French-Lopez,"2105 Ryan Well, Tylerborough, FL 72721"
CLT0029,Blake Group,"66819 Laurie Rue Apt. 003, South Sydneyberg, WY 48697"
CLT0030,Williams-Garrison,"823 Craig Drives Apt. 887, South Richard, TX 61256"
CLT0031,"Larson, Martinez and Vargas","12501 Kennedy Alley, Andersonshire, SD 47784"
CLT0032,Galvan PLC,"26913 Ashley Crossing Apt. 090, New Alexis, DE 56612"
CLT0033,Coleman Group,"20655 Joseph Ford Suite 120, Lake Annstad, IA 83569"
CLT0034,"Stout, Torres and Moody","4287 Crawford Mountains Apt. 427, North Jeffrey, MI 61625"
CLT0035,Johnson-Cannon,"6748 Heather Plain Suite 512, Spencerberg, OK 59288"
CLT0036,Pineda Ltd,"3822 Velazquez Lights Apt. 962, North Rayport, MH 94135"
CLT0037,Carr Group,"5585 Jackson Hollow Suite 514, Christopherfort, NJ 29469"
CLT0038,Rhodes LLC,"398 Jodi Ridges Apt. 889, Port Andrew, HI 10028"
CLT0039,Hudson LLC,"36949 Angela Forges Suite 759, New Cheyenne, NC 71372"
CLT0040,Cooper-Hicks,"327 Rogers Trail Suite 901, Lake Stevenfurt, TN 73876"
