emp_id,ssn,name,address
EMP0001,77522309,Patty Lucero,"635 Edwards Oval Suite 170, Thomastown, NH 02695"
EMP0002,348980412,Angela Hale,"9958 Donald Forge Apt. 566, Davidsonport, IN 09282"
EMP0003,946344616,Natalie Proctor,"29562 Ricardo Port Apt. 400, Lewistown, AL 49997"
EMP0004,833544002,Mr. James Medina,"88503 Andrew Lodge, West Valeriechester, NJ 04721"
EMP0005,470973839,Melvin Harris,"685 Riddle Fall Suite 923, North Gregory, MS 84828"
EMP0006,292952842,Leslie Vance,"556 Katherine Tunnel Suite 466, Port Davidmouth, MH 13052"
EMP0007,149771169,Brandon Hodges,"514 Teresa Stravenue Suite 663, Tranport, OH 13097"
EMP0008,794525089,Joshua Phelps,"9447 King Place Suite 330, Lake James, AL 92072"
EMP0009,142438001,Jeffrey Mitchell,"3197 Williams Canyon Apt. 235, Bradyland, PA 62948"
EMP0010,197551692,Dr. Troy Morrison,"9461 Hurley Crossroad Suite 953, Jenkinstown, WA 13898"
EMP0011,925611327,Mr. Samuel Scott,"726 Martin Knoll, Travisbury, UT 33593"
EMP0012,42077747,Ryan Gutierrez,"3168 Jessica Brook, Port Paula, VI 16038"
EMP0013,294096729,George Young,"USNS Martinez, FPO AE 22147"
EMP0014,285044618,Tammy Parks,"0403 Mark Dam Apt. 317, Justinton, RI 70680"
EMP0015,259635628,Dylan Howell,"PSC 1549, Box 9801, APO AP 63661"
EMP0016,70953882,Haley Hall,"47511 Gonzalez Gardens, New Melaniefurt, CO 82246"
EMP0017,668130687,Timothy Reyes,"867 Werner Fork, Stephaniestad, MH 44739"
EMP0018,765496953,Wesley Brown,"93352 Connor Mount Apt. 158, Port Kelseyport, NC 82178"
EMP0019,796680674,Richard Booth,"7513 Larry Radial, North Martinland, WI 55419"
EMP0020,693019299,Vickie Singh,"6880 Stephanie Inlet Suite 888, Tiffanyville, FL 32174"
EMP0021,143141664,Antonio Ryan,"725 Megan Cliffs Suite 989, South Joshuaborough, UT 21323"
EMP0022,730209139,Billy Lane,"71361 Kelsey Mall, North Nicholas, WY 55539"
EMP0023,436015759,William Smith,"777 Hancock Motorway, Stephenside, AL 94446"
EMP0024,268628943,Donald Smith,"39283 Sanchez Trail Suite 736, Port Edwardville, FL 99013"
EMP0025,302809135,David Herrera,"958 Cameron Crescent, Matthewton, MT 07115"
EMP0026,212310116,Daniel Cruz,"132 Berry Courts, Robinport, AZ 09393"
EMP0027,295488055,Benjamin Owens,"USNS Hensley, FPO AE 86754"
EMP0028,920863065,Christopher Barker,"Unit 0420 Box 2329, DPO AA 62466"
EMP0029,293053254,Amanda Stewart,"71045 Kristen Junctions, Lucasberg, ME 51256"
EMP0030,384182365,Kevin Wall,"5538 Melinda Ports, Mendezmouth, UT 95243"
EMP0031,305375524,Crystal Spencer,"916 Foster Trail Suite 339, Lake Valerieside, ID 81439"
EMP0032,495148290,Sheila Hickman,"6792 Wise Islands, Ellismouth, TN 87450"
EMP0033,796157208,Kara Sampson,"1903 Grimes Ferry, Port Alexisview, PW 23691"
EMP0034,887633956,Robert Garcia,"26550 Samantha Shores Suite 459, New Courtneytown, MH 77412"
EMP0035,187617946,Toni Sheppard MD,"167 Rhodes Motorway Apt. 289, East Kerrifort, MA 34548"
EMP0036,192654724,Ellen Chung,"079 Richard Fields Apt. 352, Thomasshire, MI 51330"
EMP0037,514520314,Whitney Robinson,"USNS Ortiz, FPO AP 38060"
EMP0038,665983987,Natasha Jordan,"0994 Doyle Points, Beasleytown, PR 47528"
EMP0039,483395697,Michelle Lara,"47464 Jeffrey Street, Xavierfort, OK 91036"
EMP0040,462004996,Matthew Cunningham,"8721 Jared Heights Apt. 566, Juliebury, WV 23491"
EMP0041,830853510,Anna Norris,"98495 Freeman Brook, Mitchelltown, DC 02246"
EMP0042,953440165,Christopher Daniel,"571 Nguyen Bridge Suite 655, Jasonfurt, OH 30903"
EMP0043,302642490,George Walker,"Unit 2229 Box 3702, DPO AP 11416"
EMP0044,187598016,Shane Mitchell,"Unit 7520 Box 6715, DPO AP 82825"
EMP0045,243131964,Michael Marshall MD,"973 Sheila Falls, New Kimberly, OK 99061"
EMP0046,149338994,Robin Liu,"0810 Jennings Motorway Apt. 315, New Larry, GU 39066"
EMP0047,902857950,Michael Marquez,"PSC 4246, Box 7166, APO AA 65227"
EMP0048,380129776,Tyler Mooney,"295 Gina Cliffs, Port Danahaven, NJ 70525"
EMP0049,247482406,Matthew Nunez,"759 Christopher Street Suite 995, North Hannah, NM 09502"
EMP0050,874516268,Mrs. Rachel Brooks,"6500 Julie Skyway Apt. 951, West Kevin, NH 82047"
